ball_size_mean_r1,ball_size_mean_r2,ball_size_mean_r3,ball_size_std_r1,ball_size_std_r2,ball_size_std_r3,edge_count,forman_count,forman_mean,forman_near_zero_mass,forman_negative_mass,forman_positive_mass,forman_q05,forman_q50,forman_q95,forman_std,node_count,record_id,row_index,source_file,task_id,view
2.984251968503937,6.496062992125984,11.771653543307087,1.2485219732204296,2.969328818744611,4.849204783216941,126,126,-1.5396825396825398,0.015873015873015872,0.8492063492063492,0.1349206349206349,-4.0,-1.0,1.0,1.5566080016007622,127,task-00:0,0,task-00.csv,0,ast
2.975609756097561,6.317073170731708,11.21951219512195,1.1891338286096493,2.8664503789763827,4.770397514355929,81,81,-1.382716049382716,0.06172839506172839,0.7901234567901234,0.14814814814814814,-4.0,-1.0,1.0,1.5199732066723006,82,task-00:1,1,task-00.csv,0,ast
2.9857142857142858,6.571428571428571,12.6,1.2760749770051818,3.8175213670332093,7.6249590162833005,139,139,-1.6115107913669064,0.04316546762589928,0.7410071942446043,0.2158273381294964,-7.0,-1.0,1.0,2.229658783995662,140,task-00:2,2,task-00.csv,0,ast
2.984848484848485,6.606060606060606,12.212121212121213,1.2909055342104936,3.288542036161258,5.850447150782195,131,131,-1.6488549618320612,0.007633587786259542,0.8320610687022901,0.16030534351145037,-4.5,-1.0,1.0,1.7944939711661658,132,task-00:3,3,task-00.csv,0,ast
2.988372093023256,6.6395348837209305,12.488372093023257,1.2984264720835166,3.347726721563679,6.0391054821337145,171,171,-1.672514619883041,0.011695906432748537,0.8304093567251462,0.15789473684210525,-4.0,-1.0,1.0,1.805872193274272,172,task-00:4,4,task-00.csv,0,ast
2.963636363636364,6.490909090909091,11.727272727272727,1.2786873434557995,3.0203716043061943,5.164404552333724,54,54,-1.5925925925925926,0.05555555555555555,0.8333333333333334,0.1111111111111111,-4.0,-1.0,1.0,1.5696014889197845,55,task-00:5,5,task-00.csv,0,ast
2.984732824427481,6.541984732824427,12.19083969465649,1.2660254138304419,3.35270095511416,6.072229998732616,130,130,-1.5846153846153845,0.05384615384615385,0.7846153846153846,0.16153846153846155,-4.55,-1.0,1.0,1.8304459960290274,131,task-00:6,6,task-00.csv,0,ast
2.982300884955752,6.504424778761062,11.973451327433628,1.2549533777255248,3.1932558739005197,5.6513138530194995,112,112,-1.5535714285714286,0.05357142857142857,0.7946428571428571,0.15178571428571427,-4.0,-1.0,1.0,1.7104682197025014,113,task-00:7,7,task-00.csv,0,ast
2.9767441860465116,6.488372093023256,11.790697674418604,1.257320371247746,3.045179897105067,5.333344600673153,85,85,-1.5529411764705883,0.023529411764705882,0.8352941176470589,0.1411764705882353,-4.0,-1.0,1.0,1.5830416170289632,86,task-00:8,8,task-00.csv,0,ast
2.9696969696969697,6.393939393939394,11.484848484848484,1.2305418487422395,2.9689238325695784,4.843747685801752,65,65,-1.476923076923077,0.06153846153846154,0.8,0.13846153846153847,-4.0,-1.0,1.0,1.5699847359149441,66,task-00:9,9,task-00.csv,0,ast
2.9865771812080535,6.597315436241611,12.476510067114093,1.2848449475890367,3.4328055387602325,6.261187455849027,148,148,-1.635135135135135,0.013513513513513514,0.8040540540540541,0.18243243243243243,-4.0,-1.0,1.0,1.8641302901072263,149,task-00:10,10,task-00.csv,0,ast
2.9743589743589745,6.589743589743589,11.974358974358974,1.3006345490228102,3.0103918197823942,4.695809258166917,77,77,-1.6623376623376624,0.0,0.8701298701298701,0.12987012987012986,-4.0,-1.0,1.0,1.600408954314203,78,task-00:11,11,task-00.csv,0,ast
2.973333333333333,6.413333333333333,11.586666666666666,1.232594373218087,3.0070731432555626,5.296774699968107,74,74,-1.4864864864864864,0.04054054054054054,0.8243243243243243,0.13513513513513514,-4.0,-1.0,1.0,1.578942883132814,75,task-00:12,12,task-00.csv,0,ast
2.9903846153846154,6.855769230769231,13.51923076923077,1.3762769756155435,4.12874135512444,8.858916378896689,207,207,-1.8840579710144927,0.014492753623188406,0.8260869565217391,0.15942028985507245,-7.4999999999999964,-1.0,1.0,2.4526603827601368,208,task-00:13,13,task-00.csv,0,ast
2.9895287958115184,6.706806282722513,13.178010471204189,1.3223393866021245,4.003650920125568,8.635112675054398,190,190,-1.736842105263158,0.02631578947368421,0.7894736842105263,0.18421052631578946,-6.199999999999996,-1.0,1.0,2.3247434553008186,191,task-00:14,14,task-00.csv,0,ast
2.971014492753623,6.36231884057971,11.579710144927537,1.2154919621021307,3.0879429600346637,5.223707931504708,68,68,-1.4411764705882353,0.029411764705882353,0.7794117647058824,0.19117647058823528,-4.0,-1.0,1.0,1.648371325788477,69,task-00:15,15,task-00.csv,0,ast
2.973684210526316,6.342105263157895,11.473684210526315,1.202778408634362,3.0111749393277463,5.179599873315064,75,75,-1.4133333333333333,0.05333333333333334,0.7866666666666666,0.16,-4.0,-1.0,1.0,1.6007775888264082,76,task-00:16,16,task-00.csv,0,ast
2.9849624060150375,6.548872180451128,11.962406015037594,1.2683833912339442,3.081514531967979,5.433682221272084,132,132,-1.5909090909090908,0.03787878787878788,0.8409090909090909,0.12121212121212122,-4.0,-1.0,1.0,1.5713078197676005,133,task-00:17,17,task-00.csv,0,ast
2.9884393063583814,6.526011560693641,12.202312138728324,1.253842368730073,3.3289177431872377,6.04985027051356,172,172,-1.558139534883721,0.03488372093023256,0.7848837209302325,0.18023255813953487,-4.0,-1.0,1.0,1.8082797373296513,173,task-00:18,18,task-00.csv,0,ast
2.9893048128342246,6.647058823529412,12.62566844919786,1.2998942976888552,3.649559260147893,7.425133208421337,186,186,-1.6774193548387097,0.026881720430107527,0.8064516129032258,0.16666666666666666,-4.0,-1.0,1.0,2.0643481114426385,187,task-00:19,19,task-00.csv,0,ast
2.9726027397260273,6.506849315068493,11.438356164383562,1.271097064072553,2.8912872787011294,5.031370905450663,72,72,-1.5833333333333333,0.027777777777777776,0.8194444444444444,0.1527777777777778,-4.0,-1.0,1.0,1.6308654825650772,73,task-01:0,0,task-01.csv,1,ast
2.9726027397260273,6.506849315068493,11.438356164383562,1.271097064072553,2.8912872787011294,5.031370905450663,72,72,-1.5833333333333333,0.027777777777777776,0.8194444444444444,0.1527777777777778,-4.0,-1.0,1.0,1.6308654825650772,73,task-01:1,1,task-01.csv,1,ast
2.9746835443037973,6.493670886075949,11.405063291139241,1.2626542622316457,2.8985959836607362,5.169332614519841,78,78,-1.564102564102564,0.02564102564102564,0.8205128205128205,0.15384615384615385,-4.0,-1.0,1.0,1.6139594853185861,79,task-01:2,2,task-01.csv,1,ast
2.9827586206896552,6.431034482758621,11.448275862068966,1.2246235073848113,2.9013199669348912,5.44620213699451,115,115,-1.4782608695652173,0.02608695652173913,0.8260869565217391,0.14782608695652175,-4.0,-1.0,1.0,1.5285561592388648,116,task-01:3,3,task-01.csv,1,ast
2.9714285714285715,6.457142857142857,11.257142857142858,1.2532406971120749,2.7655312808402877,4.569106553132412,69,69,-1.536231884057971,0.0,0.855072463768116,0.14492753623188406,-4.0,-1.0,1.0,1.499562353014242,70,task-01:4,4,task-01.csv,1,ast
2.988095238095238,6.607142857142857,11.952380952380953,1.2863204038675184,2.94601367930284,4.972315647914393,167,167,-1.6407185628742516,0.0,0.8802395209580839,0.11976047904191617,-4.0,-1.0,1.0,1.5290463423978784,168,task-01:5,5,task-01.csv,1,ast
2.9714285714285715,6.457142857142857,11.257142857142858,1.2532406971120749,2.7655312808402877,4.569106553132412,69,69,-1.536231884057971,0.0,0.855072463768116,0.14492753623188406,-4.0,-1.0,1.0,1.499562353014242,70,task-01:6,6,task-01.csv,1,ast
2.9714285714285715,6.457142857142857,11.257142857142858,1.2532406971120749,2.7655312808402877,4.569106553132412,69,69,-1.536231884057971,0.0,0.855072463768116,0.14492753623188406,-4.0,-1.0,1.0,1.499562353014242,70,task-01:7,7,task-01.csv,1,ast
2.9714285714285715,6.457142857142857,11.257142857142858,1.2532406971120749,2.7655312808402877,4.569106553132412,69,69,-1.536231884057971,0.0,0.855072463768116,0.14492753623188406,-4.0,-1.0,1.0,1.499562353014242,70,task-01:8,8,task-01.csv,1,ast
2.9827586206896552,6.431034482758621,11.448275862068966,1.2246235073848113,2.9013199669348912,5.44620213699451,115,115,-1.4782608695652173,0.02608695652173913,0.8260869565217391,0.14782608695652175,-4.0,-1.0,1.0,1.5285561592388648,116,task-01:9,9,task-01.csv,1,ast
2.9846153846153847,6.492307692307692,11.707692307692307,1.2464387138787134,3.0083119566298917,5.745160041750399,129,129,-1.5348837209302326,0.015503875968992248,0.8372093023255814,0.14728682170542637,-4.0,-1.0,1.0,1.560394064857326,130,task-01:10,10,task-01.csv,1,ast
2.9827586206896552,6.431034482758621,11.448275862068966,1.2246235073848113,2.9013199669348912,5.44620213699451,115,115,-1.4782608695652173,0.02608695652173913,0.8260869565217391,0.14782608695652175,-4.0,-1.0,1.0,1.5285561592388648,116,task-01:11,11,task-01.csv,1,ast
2.9871794871794872,6.384615384615385,11.602564102564102,1.198220793655516,3.045512753050639,5.376443738339674,155,155,-1.4193548387096775,0.0,0.7935483870967742,0.2064516129032258,-4.0,-1.0,1.0,1.6219103341905206,156,task-01:12,12,task-01.csv,1,ast
2.986111111111111,6.555555555555555,12.11111111111111,1.2692195278503018,3.282482499271655,6.060013649497727,143,143,-1.5944055944055944,0.03496503496503497,0.8041958041958042,0.16083916083916083,-4.0,-1.0,1.0,1.798358856499981,144,task-01:13,13,task-01.csv,1,ast
2.9887640449438204,6.629213483146067,11.955056179775282,1.2938435209424524,3.001430454741483,5.040086748761977,177,177,-1.6610169491525424,0.022598870056497175,0.8531073446327684,0.12429378531073447,-4.0,-1.0,1.0,1.5796391938552214,178,task-01:14,14,task-01.csv,1,ast
2.9854014598540144,6.737226277372263,11.963503649635037,1.339928102765895,2.992130976564251,5.677987665433837,136,136,-1.7794117647058822,0.022058823529411766,0.8529411764705882,0.125,-4.0,-1.0,1.0,1.6569425088121346,137,task-01:15,15,task-01.csv,1,ast
2.985294117647059,6.588235294117647,12.073529411764707,1.2832936376970132,3.1796008541474983,5.81407060113801,135,135,-1.6296296296296295,0.037037037037037035,0.8148148148148148,0.14814814814814814,-4.0,-1.0,1.0,1.6810082545052174,136,task-01:16,16,task-01.csv,1,ast
2.9863945578231292,6.7687074829931975,12.224489795918368,1.3501644876250642,2.996751136984657,5.143909837192054,146,146,-1.8082191780821917,0.00684931506849315,0.8835616438356164,0.1095890410958904,-4.0,-1.0,1.0,1.6146379571851042,147,task-01:17,17,task-01.csv,1,ast
2.978021978021978,6.472527472527473,11.461538461538462,1.2489821964261516,2.9177014110375543,4.97092136043185,90,90,-1.5333333333333334,0.07777777777777778,0.7777777777777778,0.14444444444444443,-4.0,-1.0,1.0,1.6411378166788229,91,task-01:18,18,task-01.csv,1,ast
2.9889502762430937,6.513812154696133,12.392265193370166,1.248154218567823,3.582658870657193,7.642982977316574,180,180,-1.5444444444444445,0.044444444444444446,0.7666666666666667,0.18888888888888888,-4.049999999999999,-1.0,1.0,1.8508923440156648,181,task-01:19,19,task-01.csv,1,ast
2.9791666666666665,6.458333333333333,12.395833333333334,1.2414639096199651,3.738640201404189,7.738538792232607,95,95,-1.5157894736842106,0.06315789473684211,0.7157894736842105,0.22105263157894736,-6.0,-1.0,1.0,2.025433847714643,96,task-02:0,0,task-02.csv,2,ast
2.9854014598540144,6.62043795620438,12.781021897810218,1.29561529761497,3.7026945935966467,7.307345897466051,136,136,-1.661764705882353,0.04411764705882353,0.7647058823529411,0.19117647058823528,-5.25,-1.0,1.0,2.0765518231068647,137,task-02:1,1,task-02.csv,2,ast
2.9887640449438204,6.719101123595506,13.044943820224718,1.3281260095089622,3.7114725386973233,7.469654132689971,177,177,-1.7514124293785311,0.022598870056497175,0.8022598870056498,0.1751412429378531,-5.0,-1.0,1.0,1.9759316573828585,178,task-02:2,2,task-02.csv,2,ast
2.983050847457627,6.627118644067797,13.23728813559322,1.301778775547283,3.9995690661291428,8.336846908430369,117,117,-1.6752136752136753,0.03418803418803419,0.7606837606837606,0.20512820512820512,-6.0,-1.0,1.0,2.0789093945100685,118,task-02:3,3,task-02.csv,2,ast
2.983050847457627,6.576271186440678,12.542372881355933,1.2821000440052503,3.501589904409325,6.628960687254291,117,117,-1.623931623931624,0.02564102564102564,0.7948717948717948,0.1794871794871795,-4.0,-1.0,1.0,1.8384613397862941,118,task-02:4,4,task-02.csv,2,ast
2.979591836734694,6.469387755102041,12.122448979591837,1.2452324742936163,3.335657942725913,6.144958620810929,97,97,-1.5257731958762886,0.041237113402061855,0.7731958762886598,0.18556701030927836,-4.0,-1.0,1.0,1.7474150776831843,98,task-02:5,5,task-02.csv,2,ast
2.982300884955752,6.610619469026549,12.504424778761061,1.2965734342991106,3.437002265348444,6.365176128513384,112,112,-1.6607142857142858,0.03571428571428571,0.8125,0.15178571428571427,-4.0,-1.0,1.0,1.7955976493544836,113,task-02:6,6,task-02.csv,2,ast
2.979591836734694,6.469387755102041,12.081632653061224,1.2452324742936163,3.3233990518457523,6.051940942472809,97,97,-1.5257731958762886,0.041237113402061855,0.7731958762886598,0.18556701030927836,-4.0,-1.0,1.0,1.7355755069464616,98,task-02:7,7,task-02.csv,2,ast
2.98,6.58,12.34,1.2882546332150333,3.388746080779733,6.304315981928571,99,99,-1.6363636363636365,0.030303030303030304,0.797979797979798,0.1717171717171717,-4.0,-1.0,1.0,1.7549614830994253,100,task-02:8,8,task-02.csv,2,ast
2.9849624060150375,6.56390977443609,12.924812030075188,1.2742974617973164,3.924768818360342,8.50176811345104,132,132,-1.606060606060606,0.045454545454545456,0.7348484848484849,0.2196969696969697,-5.0,-1.0,1.0,2.0588227577530946,133,task-02:9,9,task-02.csv,2,ast
2.9844961240310077,6.565891472868217,12.968992248062015,1.2758003788109347,3.988053791322959,8.567052431059883,128,128,-1.609375,0.03125,0.734375,0.234375,-6.0,-1.0,1.0,2.129533307881095,129,task-02:10,10,task-02.csv,2,ast
2.9833333333333334,6.583333333333333,12.983333333333333,1.2844151284620646,3.927644190719023,8.326647317831803,119,119,-1.6302521008403361,0.04201680672268908,0.7394957983193278,0.2184873949579832,-5.1,-1.0,1.0,2.0655865596979543,120,task-02:11,11,task-02.csv,2,ast
2.980392156862745,6.568627450980392,12.686274509803921,1.2832280997612686,3.642100783354188,7.1207793032384235,101,101,-1.6237623762376239,0.039603960396039604,0.7722772277227723,0.18811881188118812,-5.0,-1.0,1.0,1.8871713084654884,102,task-02:12,12,task-02.csv,2,ast
2.980392156862745,6.568627450980392,12.686274509803921,1.2832280997612686,3.642100783354188,7.1207793032384235,101,101,-1.6237623762376239,0.039603960396039604,0.7722772277227723,0.18811881188118812,-5.0,-1.0,1.0,1.8871713084654884,102,task-02:13,13,task-02.csv,2,ast
2.980392156862745,6.568627450980392,12.686274509803921,1.2832280997612686,3.642100783354188,7.1207793032384235,101,101,-1.6237623762376239,0.039603960396039604,0.7722772277227723,0.18811881188118812,-5.0,-1.0,1.0,1.8871713084654884,102,task-02:14,14,task-02.csv,2,ast
2.984126984126984,6.666666666666667,13.587301587301587,1.3152592054518475,4.2144874850810465,9.271281688479773,125,125,-1.712,0.048,0.744,0.208,-6.0,-1.0,1.0,2.1865625991496334,126,task-02:15,15,task-02.csv,2,ast
2.9782608695652173,6.521739130434782,12.26086956521739,1.2681573492204556,3.3862839093253485,6.262152646302664,91,91,-1.5824175824175823,0.02197802197802198,0.7912087912087912,0.18681318681318682,-4.0,-1.0,1.0,1.7545290471443544,92,task-02:16,16,task-02.csv,2,ast
2.9759036144578315,6.542168674698795,12.27710843373494,1.279833419266458,3.4125961033090233,6.3555558713636735,82,82,-1.6097560975609757,0.024390243902439025,0.7804878048780488,0.1951219512195122,-4.0,-1.0,1.0,1.7858256105351686,83,task-02:17,17,task-02.csv,2,ast
2.984126984126984,6.476190476190476,12.396825396825397,1.2407379203722415,3.7431721665561586,7.9092866504331525,125,125,-1.52,0.016,0.728,0.256,-5.0,-1.0,1.0,2.0262280227062304,126,task-02:18,18,task-02.csv,2,ast
2.987012987012987,6.675324675324675,12.805194805194805,1.3141933133167292,3.664294402202763,7.42239321687736,153,153,-1.7124183006535947,0.0,0.8104575163398693,0.1895424836601307,-5.0,-1.0,1.0,1.9256548079558933,154,task-02:19,19,task-02.csv,2,ast
2.9696969696969697,6.212121212121212,10.909090909090908,1.1543028457418734,2.9311035852954537,5.180754808488328,65,65,-1.2923076923076924,0.07692307692307693,0.7538461538461538,0.16923076923076924,-4.0,-1.0,1.0,1.5163019480410675,66,task-03:0,0,task-03.csv,3,ast
2.966666666666667,6.333333333333333,11.2,1.210601319822325,2.919284539441509,4.975942121849892,59,59,-1.423728813559322,0.05084745762711865,0.7796610169491526,0.1694915254237288,-4.0,-1.0,1.0,1.5966425560787372,60,task-03:1,1,task-03.csv,3,ast
2.9615384615384617,6.3076923076923075,10.884615384615385,1.2083290824926929,2.7071022084258116,4.200063397661838,51,51,-1.411764705882353,0.0,0.8431372549019608,0.1568627450980392,-4.0,-1.0,1.0,1.4440747168252526,52,task-03:2,2,task-03.csv,3,ast
2.9565217391304346,6.260869565217392,11.434782608695652,1.197034773733583,3.1926190870757947,5.351359737459027,45,45,-1.3777777777777778,0.06666666666666667,0.7111111111111111,0.2222222222222222,-4.0,-1.0,1.0,1.7674701177909489,46,task-03:3,3,task-03.csv,3,ast
2.953488372093023,6.162790697674419,10.44186046511628,1.160462786034851,2.605274011907916,4.07089685325388,42,42,-1.2857142857142858,0.0,0.8095238095238095,0.19047619047619047,-3.0,-1.0,1.0,1.4190156595953658,43,task-03:4,4,task-03.csv,3,ast
2.96875,6.15625,10.8125,1.1314916868894795,2.932675559536036,5.376090005756972,63,63,-1.2380952380952381,0.07936507936507936,0.7301587301587301,0.19047619047619047,-4.0,-1.0,1.0,1.529750324210382,64,task-03:5,5,task-03.csv,3,ast
2.9615384615384617,6.153846153846154,10.73076923076923,1.1428967660079712,2.8848717834767963,5.144509338251894,51,51,-1.2549019607843137,0.058823529411764705,0.7450980392156863,0.19607843137254902,-4.0,-1.0,1.0,1.5061070093860016,52,task-03:6,6,task-03.csv,3,ast
2.9726027397260273,6.068493150684931,10.506849315068493,1.0850491149760466,2.8154600934171166,5.444925468806318,72,72,-1.1388888888888888,0.125,0.6944444444444444,0.18055555555555555,-4.0,-1.0,1.0,1.4558841868198509,73,task-03:7,7,task-03.csv,3,ast
2.9661016949152543,6.084745762711864,10.491525423728813,1.1041693203323615,2.8181502263142866,5.050164895297243,58,58,-1.1724137931034482,0.06896551724137931,0.7068965517241379,0.22413793103448276,-4.0,-1.0,1.0,1.5328352255788185,59,task-03:8,8,task-03.csv,3,ast
2.9642857142857144,6.142857142857143,10.821428571428571,1.1333308323301736,2.9545882685637763,5.0818554782717715,55,55,-1.2363636363636363,0.03636363636363636,0.7454545454545455,0.21818181818181817,-4.0,-1.0,1.0,1.5604618939000239,56,task-03:9,9,task-03.csv,3,ast
2.9661016949152543,6.220338983050848,10.830508474576272,1.1639515059925014,2.8586342395624813,4.8787069083298915,58,58,-1.3103448275862069,0.017241379310344827,0.7758620689655172,0.20689655172413793,-4.0,-1.0,1.0,1.5559329893349625,59,task-03:10,10,task-03.csv,3,ast
2.967741935483871,6.193548387096774,10.741935483870968,1.1495825600777716,2.7988402533527563,4.964179703120137,61,61,-1.278688524590164,0.08196721311475409,0.7540983606557377,0.16393442622950818,-4.0,-1.0,1.0,1.472492562156434,62,task-03:11,11,task-03.csv,3,ast
2.9523809523809526,6.190476190476191,10.571428571428571,1.1741740958036146,2.674732699044499,4.288094577086753,41,41,-1.3170731707317074,0.07317073170731707,0.7804878048780488,0.14634146341463414,-4.0,-1.0,1.0,1.4388176784148903,42,task-03:12,12,task-03.csv,3,ast
2.971014492753623,6.27536231884058,10.884057971014492,1.17917945546713,2.838064547534364,5.011685567603321,68,68,-1.3529411764705883,0.058823529411764705,0.7794117647058824,0.16176470588235295,-4.0,-1.0,1.0,1.5025929146405648,69,task-03:13,13,task-03.csv,3,ast
2.9726027397260273,6.095890410958904,10.561643835616438,1.0976014040553494,2.804909509744166,5.104352967381144,72,72,-1.1666666666666667,0.041666666666666664,0.75,0.20833333333333334,-4.0,-1.0,1.0,1.4719601443879744,73,task-03:14,14,task-03.csv,3,ast
2.966666666666667,6.166666666666667,10.6,1.1396880664852505,2.7938424357067015,5.030573194643595,59,59,-1.2542372881355932,0.06779661016949153,0.7457627118644068,0.1864406779661017,-4.0,-1.0,1.0,1.502463743198665,60,task-03:15,15,task-03.csv,3,ast
2.975,6.25,11.35,1.1616260155488942,3.191786333700926,6.066506408139697,79,79,-1.3164556962025316,0.0759493670886076,0.7215189873417721,0.20253164556962025,-4.0,-1.0,1.0,1.672898672829936,80,task-03:16,16,task-03.csv,3,ast
2.973333333333333,6.12,10.733333333333333,1.1072287729080903,2.8329489935401235,4.935134806219133,74,74,-1.1891891891891893,0.013513513513513514,0.7567567567567568,0.22972972972972974,-4.0,-1.0,1.0,1.521696028136135,75,task-03:17,17,task-03.csv,3,ast
2.971014492753623,6.420289855072464,11.782608695652174,1.2391092463651625,3.294289292847479,6.360816566888684,68,68,-1.5,0.04411764705882353,0.7794117647058824,0.17647058823529413,-4.65,-1.0,1.0,1.7945997423643294,69,task-03:18,18,task-03.csv,3,ast
2.967741935483871,6.354838709677419,11.03225806451613,1.2177152314952822,2.823271804779492,4.697177402047524,61,61,-1.4426229508196722,0.03278688524590164,0.819672131147541,0.14754098360655737,-4.0,-1.0,1.0,1.4989022230376998,62,task-03:19,19,task-03.csv,3,ast
2.986111111111111,6.680555555555555,14.152777777777779,1.317542488831591,4.739978870349321,11.18053830226412,143,143,-1.7202797202797202,0.04195804195804196,0.7272727272727273,0.23076923076923078,-9.0,-1.0,1.0,2.7262146055662453,144,task-04:0,0,task-04.csv,4,ast
2.9761904761904763,6.404761904761905,11.880952380952381,1.2245134162498847,3.211286078293865,5.274387262775878,83,83,-1.4698795180722892,0.060240963855421686,0.7590361445783133,0.18072289156626506,-4.0,-1.0,1.0,1.7239444082781505,84,task-04:1,1,task-04.csv,4,ast
2.982300884955752,6.415929203539823,11.991150442477876,1.2191851397730635,3.414507476155584,6.628572605220282,112,112,-1.4642857142857142,0.044642857142857144,0.75,0.20535714285714285,-5.0,-1.0,1.0,1.8172220333155074,113,task-04:2,2,task-04.csv,4,ast
2.9692307692307693,6.384615384615385,11.892307692307693,1.2274956464811504,3.4538375877913303,5.7649419956334125,64,64,-1.46875,0.03125,0.703125,0.265625,-5.0,-1.0,1.0,2.0613159480050602,65,task-04:3,3,task-04.csv,4,ast
2.9726027397260273,6.534246575342466,12.068493150684931,1.2818287742783108,3.192809523214526,5.289764650546588,72,72,-1.6111111111111112,0.041666666666666664,0.8055555555555556,0.1527777777777778,-4.0,-1.0,1.0,1.6878286145514791,73,task-04:4,4,task-04.csv,4,ast
2.982456140350877,6.456140350877193,12.12280701754386,1.235316964370803,3.4339388434131486,6.177406982944641,113,113,-1.5044247787610618,0.035398230088495575,0.7610619469026548,0.20353982300884957,-5.0,-1.0,1.0,1.9192729717049075,114,task-04:5,5,task-04.csv,4,ast
2.973333333333333,6.466666666666667,12.093333333333334,1.254042352642933,3.522625283632775,6.295338663558053,74,74,-1.5405405405405406,0.04054054054054054,0.7297297297297297,0.22972972972972974,-5.0,-1.0,1.0,2.0214337244665033,75,task-04:6,6,task-04.csv,4,ast
2.977272727272727,6.5227272727272725,12.363636363636363,1.270086546149806,3.4409871493487842,6.049383548950591,87,87,-1.5862068965517242,0.022988505747126436,0.7816091954022989,0.19540229885057472,-4.0,-1.0,1.0,1.8603653339020865,88,task-04:7,7,task-04.csv,4,ast
2.9726027397260273,6.342465753424658,11.767123287671232,1.2047008693655152,3.2864152852172173,5.739840453954704,72,72,-1.4166666666666667,0.05555555555555555,0.7361111111111112,0.20833333333333334,-4.0,-1.0,1.0,1.7539637649874324,73,task-04:8,8,task-04.csv,4,ast
2.9696969696969697,6.454545454545454,11.878787878787879,1.2549260145968884,3.1774862285747782,5.270027173511542,65,65,-1.5384615384615385,0.046153846153846156,0.7846153846153846,0.16923076923076924,-4.0,-1.0,1.0,1.7013743139629849,66,task-04:9,9,task-04.csv,4,ast
2.9775280898876404,6.370786516853933,12.0561797752809,1.2083745986072667,3.5264076716659543,6.63216464495516,88,88,-1.4318181818181819,0.07954545454545454,0.7045454545454546,0.2159090909090909,-5.0,-1.0,1.0,1.8997335611358201,89,task-04:10,10,task-04.csv,4,ast
2.982608695652174,6.373913043478261,11.660869565217391,1.2013225226402136,3.179994174359491,5.676629368118617,114,114,-1.4210526315789473,0.043859649122807015,0.7719298245614035,0.18421052631578946,-4.0,-1.0,1.0,1.6537821450223815,115,task-04:11,11,task-04.csv,4,ast
2.98,6.42,12.04,1.2245815611873305,3.3946428383557525,6.136644033997736,99,99,-1.4747474747474747,0.050505050505050504,0.7474747474747475,0.20202020202020202,-4.0,-1.0,1.0,1.8221057545256372,100,task-04:12,12,task-04.csv,4,ast
2.975,6.475,12.3,1.2547410091329605,3.5706266956936283,6.615134163416491,79,79,-1.5443037974683544,0.02531645569620253,0.759493670886076,0.21518987341772153,-5.0,-1.0,1.0,1.9277944921359305,80,task-04:13,13,task-04.csv,4,ast
2.980952380952381,6.466666666666667,11.99047619047619,1.2419719526083348,3.329712318952514,6.1093141039614,104,104,-1.5192307692307692,0.028846153846153848,0.7884615384615384,0.18269230769230768,-4.0,-1.0,1.0,1.7649404502417094,105,task-04:14,14,task-04.csv,4,ast
2.953488372093023,6.488372093023256,12.30232558139535,1.2931570952984042,3.5264587482922933,5.837070321703207,42,42,-1.619047619047619,0.047619047619047616,0.7380952380952381,0.21428571428571427,-4.949999999999999,-1.0,1.0,2.0113059125659882,43,task-04:15,15,task-04.csv,4,ast
2.9813084112149535,6.514018691588785,12.271028037383177,1.2603315719435353,3.383203387106535,5.930390750798621,106,106,-1.5660377358490567,0.03773584905660377,0.7830188679245284,0.1792452830188679,-4.0,-1.0,1.0,1.8120085172262668,107,task-04:16,16,task-04.csv,4,ast
2.96875,6.3125,12.0625,1.1985505569228192,3.6438089617871023,7.033124750066644,63,63,-1.3968253968253967,0.047619047619047616,0.6825396825396826,0.2698412698412698,-5.0,-1.0,1.0,2.0200556533248295,64,task-04:17,17,task-04.csv,4,ast
2.981818181818182,6.454545454545454,12.0,1.235695006366996,3.323843240030661,5.986348105177616,109,109,-1.5045871559633028,0.027522935779816515,0.7798165137614679,0.1926605504587156,-4.0,-1.0,1.0,1.7745595303645092,110,task-04:18,18,task-04.csv,4,ast
2.977777777777778,6.444444444444445,12.2,1.2380789579719218,3.4322364303148243,6.033609570103492,89,89,-1.5056179775280898,0.033707865168539325,0.7528089887640449,0.21348314606741572,-4.0,-1.0,1.0,1.8730711157403044,90,task-04:19,19,task-04.csv,4,ast
2.9914529914529915,6.7094017094017095,12.94017094017094,1.3204229217317613,3.8175479422819314,8.825749621478952,233,233,-1.7339055793991416,0.05150214592274678,0.7639484978540773,0.18454935622317598,-6.0,-1.0,1.0,2.027178154493262,234,task-05:0,0,task-05.csv,5,ast
2.986206896551724,7.041379310344827,14.282758620689656,1.4478817197669138,4.022138498050878,7.482119788398401,144,144,-2.0833333333333335,0.25,0.6805555555555556,0.06944444444444445,-6.0,-2.0,1.0,2.2438186696393765,145,task-05:1,1,task-05.csv,5,ast
2.982608695652174,6.147826086956521,11.8,1.1032174975411273,3.6647402856216975,7.413501197140255,114,114,-1.1929824561403508,0.008771929824561403,0.6754385964912281,0.3157894736842105,-4.0,-1.0,1.0,1.9370677468360686,115,task-05:2,2,task-05.csv,5,ast
2.988826815642458,6.396648044692737,11.670391061452515,1.2005065356232831,3.123919244468375,6.272914673920634,178,178,-1.4269662921348314,0.0,0.8033707865168539,0.19662921348314608,-4.0,-1.0,1.0,1.6172360972874054,179,task-05:3,3,task-05.csv,5,ast
2.982456140350877,7.754385964912281,14.403508771929825,1.6805515810284979,4.358016214370398,8.872112130345954,113,113,-2.814159292035398,0.0,0.831858407079646,0.168141592920354,-7.3999999999999995,-4.0,1.0,2.612253875661635,114,task-05:4,4,task-05.csv,5,ast
2.9893048128342246,6.689839572192513,12.62566844919786,1.3162469121814129,3.6534436873177554,8.167955121285626,186,186,-1.7204301075268817,0.053763440860215055,0.7688172043010753,0.1774193548387097,-5.0,-1.0,1.0,1.9530268286693193,187,task-05:5,5,task-05.csv,5,ast
2.980952380952381,6.542857142857143,12.333333333333334,1.2722754447273734,3.4476453563847547,7.035510834218983,104,104,-1.5961538461538463,0.0,0.8076923076923077,0.19230769230769232,-4.85,-1.0,1.0,1.773302171575949,105,task-05:6,6,task-05.csv,5,ast
2.98974358974359,6.415384615384616,12.015384615384615,1.2067746527247365,3.5194360315647355,8.497647893615378,194,194,-1.443298969072165,0.0,0.7938144329896907,0.20618556701030927,-4.0,-1.0,1.0,1.8104454778156858,195,task-05:7,7,task-05.csv,5,ast
2.9906103286384975,6.624413145539906,12.774647887323944,1.2891406692280087,3.791486046346393,8.558877306315429,212,212,-1.650943396226415,0.04716981132075472,0.7547169811320755,0.19811320754716982,-6.0,-1.0,1.0,2.007262534794207,213,task-05:8,8,task-05.csv,5,ast
2.98019801980198,6.564356435643564,11.772277227722773,1.2818627999968955,2.943076593184362,5.707180101873779,100,100,-1.62,0.01,0.87,0.12,-4.0,-1.0,1.0,1.5217095649301808,101,task-05:9,9,task-05.csv,5,ast
2.9909090909090907,8.081818181818182,16.01818181818182,1.765814025755181,5.153342813044785,14.527392194297715,219,219,-3.1141552511415527,0.0091324200913242,0.91324200913242,0.0776255707762557,-7.0,-3.0,1.0,2.421503852444578,220,task-05:10,10,task-05.csv,5,ast
2.980952380952381,6.504761904761905,12.2,1.2572150051447037,3.386594889163842,6.999863944256005,104,104,-1.5576923076923077,0.009615384615384616,0.7980769230769231,0.19230769230769232,-4.0,-1.0,1.0,1.7143451490119568,105,task-05:11,11,task-05.csv,5,ast
2.982608695652174,6.130434782608695,11.643478260869566,1.095307053995856,3.6677720737359247,8.153090962912618,114,114,-1.1754385964912282,0.008771929824561403,0.6842105263157895,0.30701754385964913,-5.0,-1.0,1.0,1.9113952561354173,115,task-05:12,12,task-05.csv,5,ast
2.9902912621359223,6.41747572815534,11.650485436893204,1.2067379251605284,3.068867384901131,6.090273540916367,205,205,-1.4439024390243902,0.0,0.8146341463414634,0.18536585365853658,-4.0,-1.0,1.0,1.5874582814549505,206,task-05:13,13,task-05.csv,5,ast
2.962962962962963,12.444444444444445,16.296296296296298,2.755217024207006,8.403409067195128,8.292409803950415,53,53,-7.660377358490566,0.0,0.8113207547169812,0.18867924528301888,-18.0,-2.0,1.0,8.529512353568405,54,task-05:14,14,task-05.csv,5,ast
2.980952380952381,6.542857142857143,12.40952380952381,1.2722754447273734,3.510605893787652,7.271202478787696,104,104,-1.5961538461538463,0.0,0.8076923076923077,0.19230769230769232,-4.85,-1.0,1.0,1.7948603479488463,105,task-05:15,15,task-05.csv,5,ast
2.9859154929577465,7.563380281690141,14.619718309859154,1.6184931067262942,4.715071413335181,10.294763056987952,141,141,-2.6099290780141846,0.0,0.8226950354609929,0.1773049645390071,-10.0,-2.0,1.0,2.865230671949592,142,task-05:16,16,task-05.csv,5,ast
2.9833333333333334,6.166666666666667,11.933333333333334,1.1104303470076615,3.731249418388192,7.5462279024394405,119,119,-1.2100840336134453,0.008403361344537815,0.6722689075630253,0.31932773109243695,-4.1,-1.0,1.0,1.978344735403316,120,task-05:17,17,task-05.csv,5,ast
2.992,6.456,12.048,1.2198098212426394,3.433957483720496,8.110591593712508,249,249,-1.4779116465863453,0.0,0.8072289156626506,0.1927710843373494,-4.0,-1.0,1.0,1.7654976590643063,250,task-05:18,18,task-05.csv,5,ast
2.9857142857142858,7.3428571428571425,13.642857142857142,1.549127470018961,3.7450375328491674,7.327123220874449,139,139,-2.3884892086330933,0.0,0.8273381294964028,0.17266187050359713,-6.0,-2.0,1.0,2.3089154430738343,140,task-05:19,19,task-05.csv,5,ast
2.986013986013986,7.671328671328672,17.503496503496503,1.6513864231867448,7.033164418036592,16.674956778914275,142,142,-2.7183098591549295,0.0,0.7464788732394366,0.2535211267605634,-16.0,-1.0,1.0,5.0061457964159635,143,task-06:0,0,task-06.csv,6,ast
2.9682539682539684,6.555555555555555,12.047619047619047,1.29673893749207,3.421583119049481,6.226998490772391,62,62,-1.6451612903225807,0.0,0.7903225806451613,0.20967741935483872,-5.949999999999999,-1.0,1.0,1.9927026079329677,63,task-06:1,1,task-06.csv,6,ast
2.9743589743589745,6.666666666666667,12.538461538461538,1.3298771774246092,3.815174380753199,7.438107540697583,77,77,-1.7402597402597402,0.0,0.7922077922077922,0.2077922077922078,-7.0,-1.0,1.0,2.1944593595204593,78,task-06:2,2,task-06.csv,6,ast
2.9805825242718447,7.233009708737864,15.368932038834952,1.5199679514012234,5.7491305944585,12.886351846352895,102,102,-2.2941176470588234,0.0,0.7450980392156863,0.2549019607843137,-12.0,-1.0,1.0,3.8439875009848556,103,task-06:3,3,task-06.csv,6,ast
2.971014492753623,6.594202898550725,12.130434782608695,1.3074038274021926,3.452866234622259,6.473833717309233,68,68,-1.6764705882352942,0.0,0.8088235294117647,0.19117647058823528,-5.65,-1.0,1.0,1.9511774459555278,69,task-06:4,4,task-06.csv,6,ast
2.982142857142857,6.928571428571429,14.267857142857142,1.414100817639598,5.1939427043746385,11.844967393413137,111,111,-1.981981981981982,0.02702702702702703,0.7117117117117117,0.26126126126126126,-11.0,-1.0,1.0,3.3557319041139095,112,task-06:5,5,task-06.csv,6,ast
2.977777777777778,6.711111111111111,12.6,1.3414567353588063,3.7005838711822654,7.319380665967124,89,89,-1.7752808988764044,0.0,0.8202247191011236,0.1797752808988764,-6.6,-1.0,1.0,2.1080520268869347,90,task-06:6,6,task-06.csv,6,ast
2.982608695652174,7.208695652173913,15.382608695652173,1.5092906983408791,5.357636812226098,11.42429342021767,114,114,-2.263157894736842,0.043859649122807015,0.7280701754385965,0.22807017543859648,-12.0,-1.0,1.0,3.7017128126043324,115,task-06:7,7,task-06.csv,6,ast
2.987012987012987,7.103896103896104,14.415584415584416,1.4682218815076389,4.578562173174149,9.519427366482248,153,153,-2.1437908496732025,0.0196078431372549,0.7777777777777778,0.20261437908496732,-8.0,-1.0,1.0,2.966960330593411,154,task-06:8,8,task-06.csv,6,ast
2.9911894273127753,8.20704845814978,20.788546255506606,1.8006146513642505,9.091136391668806,23.498603409645593,226,226,-3.2389380530973453,0.01327433628318584,0.7123893805309734,0.2743362831858407,-23.0,-1.0,1.0,6.927276260868529,227,task-06:9,9,task-06.csv,6,ast
2.980392156862745,6.745098039215686,12.647058823529411,1.3502388471126916,3.6479547708265456,7.236409925120531,101,101,-1.801980198019802,0.0,0.8415841584158416,0.15841584158415842,-6.0,-1.0,1.0,2.039315561653939,102,task-06:10,10,task-06.csv,6,ast
2.9814814814814814,6.851851851851852,13.38888888888889,1.3876537718025361,4.240053316433683,8.827391432703822,107,107,-1.9065420560747663,0.0,0.794392523364486,0.205607476635514,-9.0,-1.0,1.0,2.6174565319847085,108,task-06:11,11,task-06.csv,6,ast
2.978494623655914,6.763440860215054,12.978494623655914,1.3597793513580418,3.976808709923032,7.985172407594175,92,92,-1.826086956521739,0.0,0.7934782608695652,0.20652173913043478,-8.0,-1.0,1.0,2.4029361371861477,93,task-06:12,12,task-06.csv,6,ast
2.978723404255319,6.702127659574468,12.97872340425532,1.3367054084676657,3.797619039172012,7.46905491672318,93,93,-1.7634408602150538,0.021505376344086023,0.7311827956989247,0.24731182795698925,-5.0,-2.0,1.0,2.1572475965310622,94,task-06:13,13,task-06.csv,6,ast
2.9743589743589745,6.666666666666667,12.538461538461538,1.3298771774246092,3.7060818575744836,7.12109957602038,77,77,-1.7402597402597402,0.0,0.7922077922077922,0.2077922077922078,-7.0,-1.0,1.0,2.1944593595204593,78,task-06:14,14,task-06.csv,6,ast
2.9743589743589745,6.666666666666667,12.538461538461538,1.3298771774246092,3.7060818575744836,7.12109957602038,77,77,-1.7402597402597402,0.0,0.7922077922077922,0.2077922077922078,-7.0,-1.0,1.0,2.1944593595204593,78,task-06:15,15,task-06.csv,6,ast
2.9743589743589745,6.666666666666667,12.538461538461538,1.3298771774246092,3.7060818575744836,7.12109957602038,77,77,-1.7402597402597402,0.0,0.7922077922077922,0.2077922077922078,-7.0,-1.0,1.0,2.1944593595204593,78,task-06:16,16,task-06.csv,6,ast
2.9761904761904763,6.690476190476191,12.571428571428571,1.3360940806284,3.728832928858287,7.190081982256157,83,83,-1.7590361445783131,0.0,0.8072289156626506,0.1927710843373494,-6.8999999999999995,-1.0,1.0,2.1486356637552677,84,task-06:17,17,task-06.csv,6,ast
2.9863013698630136,6.972602739726027,13.876712328767123,1.423801112447361,4.428960120196824,9.809759196462863,145,145,-2.013793103448276,0.013793103448275862,0.7517241379310344,0.23448275862068965,-9.8,-2.0,1.0,2.786633630687137,146,task-06:18,18,task-06.csv,6,ast
2.9393939393939394,6.333333333333333,11.121212121212121,1.253827931247103,2.792486311153521,4.490782315308708,32,32,-1.5,0.03125,0.84375,0.125,-4.0,-1.0,1.0,1.541103500742244,33,task-06:19,19,task-06.csv,6,ast
2.975,6.125,11.1,1.1065147988165365,3.143942588534339,5.85576638878294,79,79,-1.1898734177215189,0.10126582278481013,0.6582278481012658,0.24050632911392406,-4.1,-1.0,1.0,1.7723327213354063,80,task-07:0,0,task-07.csv,7,ast
2.9836065573770494,6.245901639344262,11.459016393442623,1.1450793268918245,3.3173944827619772,6.578837832720871,121,121,-1.2892561983471074,0.14049586776859505,0.6446280991735537,0.21487603305785125,-5.0,-1.0,1.0,1.9044880292012,122,task-07:1,1,task-07.csv,7,ast
2.9722222222222223,6.277777777777778,12.166666666666666,1.1781838922471386,3.866602809178959,7.8986637407151905,71,71,-1.352112676056338,0.11267605633802817,0.6056338028169014,0.28169014084507044,-5.5,-1.0,1.0,2.258620989904349,72,task-07:2,2,task-07.csv,7,ast
2.9692307692307693,5.953846153846154,10.446153846153846,1.0372927896023123,2.889933559155186,5.138185160692648,64,64,-1.03125,0.140625,0.609375,0.25,-3.0,-1.0,1.0,1.560936717967772,65,task-07:3,3,task-07.csv,7,ast
2.973684210526316,6.2894736842105265,11.68421052631579,1.1806965407460293,3.493662644039935,6.829137508761513,75,75,-1.36,0.14666666666666667,0.6266666666666667,0.22666666666666666,-5.3,-1.0,1.0,2.0241212084918896,76,task-07:4,4,task-07.csv,7,ast
2.979381443298969,6.257731958762887,11.309278350515465,1.1574891190359315,3.077280733319443,5.466601169392313,96,96,-1.3125,0.13541666666666666,0.6770833333333334,0.1875,-4.0,-1.0,1.0,1.7158118826569149,97,task-07:5,5,task-07.csv,7,ast
2.9827586206896552,6.310344827586207,11.913793103448276,1.1743138761281258,3.6611044901764944,7.531049482112132,115,115,-1.3565217391304347,0.13043478260869565,0.6347826086956522,0.23478260869565218,-6.0,-1.0,1.0,2.151607303542597,116,task-07:6,6,task-07.csv,7,ast
2.9813084112149535,6.252336448598131,11.261682242990654,1.15184783207115,3.032821880641779,5.315005118816837,106,106,-1.3018867924528301,0.1509433962264151,0.660377358490566,0.18867924528301888,-4.75,-1.0,1.0,1.6999989529450423,107,task-07:7,7,task-07.csv,7,ast
2.995145631067961,6.665048543689321,13.402912621359222,1.2978607223118155,4.429539166849438,11.207997805924467,411,411,-1.6788321167883211,0.058394160583941604,0.7420924574209246,0.19951338199513383,-8.0,-1.0,1.0,2.7006378625723344,412,task-07:8,8,task-07.csv,7,ast
2.989637305699482,6.55440414507772,13.186528497409327,1.263229012034883,4.545497548235956,10.703562182240278,192,192,-1.5833333333333333,0.13541666666666666,0.6302083333333334,0.234375,-10.0,-1.0,1.0,2.883742745499713,193,task-07:9,9,task-07.csv,7,ast
2.971830985915493,6.183098591549296,11.0,1.1379723874210792,3.031802602157456,5.614367886108229,70,70,-1.2571428571428571,0.2,0.6285714285714286,0.17142857142857143,-4.0,-1.0,1.0,1.7376972799468537,71,task-07:10,10,task-07.csv,7,ast
2.9864864864864864,6.391891891891892,12.08108108108108,1.2023989898941474,3.6717238295117633,7.975056988285339,147,147,-1.4285714285714286,0.16326530612244897,0.6530612244897959,0.1836734693877551,-6.0,-1.0,1.0,2.0337291908631068,148,task-07:11,11,task-07.csv,7,ast
2.984732824427481,6.32824427480916,11.732824427480915,1.1785923342909008,3.4584617948057983,6.858242299777453,130,130,-1.3692307692307693,0.11538461538461539,0.6692307692307692,0.2153846153846154,-5.55,-1.0,1.0,2.004373915440781,131,task-07:12,12,task-07.csv,7,ast
2.942857142857143,5.742857142857143,9.8,0.9839528775841465,2.676275206250627,4.261455150532504,34,34,-0.8823529411764706,0.058823529411764705,0.6176470588235294,0.3235294117647059,-3.0,-1.0,1.0,1.5100585474109924,35,task-07:13,13,task-07.csv,7,ast
2.9583333333333335,5.833333333333333,10.208333333333334,0.9991315673568165,2.8819360776317637,4.898802291263538,47,47,-0.9361702127659575,0.06382978723404255,0.6170212765957447,0.3191489361702128,-3.0,-1.0,1.0,1.6164612692104323,48,task-07:14,14,task-07.csv,7,ast
2.9831932773109244,6.310924369747899,11.521008403361344,1.173826560688015,3.258467699791205,6.3190371826644425,118,118,-1.3559322033898304,0.1694915254237288,0.6610169491525424,0.1694915254237288,-5.0,-1.0,1.0,1.8157756139317938,119,task-07:15,15,task-07.csv,7,ast
2.9915611814345993,6.324894514767933,12.181434599156118,1.1655807888648286,3.7495333731411202,8.443207719327667,236,236,-1.347457627118644,0.08050847457627118,0.673728813559322,0.2457627118644068,-5.0,-1.0,1.0,2.0372676893415473,237,task-07:16,16,task-07.csv,7,ast
2.971830985915493,6.267605633802817,12.380281690140846,1.1745161543317963,3.9609279979619276,8.042783830965282,70,70,-1.3428571428571427,0.1,0.6,0.3,-5.55,-1.0,1.0,2.248083083656031,71,task-07:17,17,task-07.csv,7,ast
2.987577639751553,6.6397515527950315,13.894409937888199,1.299725616718651,4.782931343476575,11.467806672124274,160,160,-1.675,0.08125,0.64375,0.275,-9.0,-1.0,1.0,2.9844388082183895,161,task-07:18,18,task-07.csv,7,ast
2.980952380952381,6.257142857142857,10.980952380952381,1.1545434255765135,2.9114832463673137,5.095246995986885,104,104,-1.3076923076923077,0.19230769230769232,0.6634615384615384,0.14423076923076922,-5.0,-1.0,1.0,1.7045015235507952,105,task-07:19,19,task-07.csv,7,ast
2.986666666666667,7.32,15.013333333333334,1.5405049677153124,4.430680910800656,7.911162296963,149,149,-2.3624161073825505,0.087248322147651,0.7919463087248322,0.12080536912751678,-9.0,-1.0,1.0,3.0635654209759604,150,task-08:0,0,task-08.csv,8,ast
2.986666666666667,7.32,15.013333333333334,1.5405049677153124,4.430680910800656,7.911162296963,149,149,-2.3624161073825505,0.087248322147651,0.7919463087248322,0.12080536912751678,-9.0,-1.0,1.0,3.0635654209759604,150,task-08:1,1,task-08.csv,8,ast
2.986666666666667,7.32,15.013333333333334,1.5405049677153124,4.430680910800656,7.911162296963,149,149,-2.3624161073825505,0.087248322147651,0.7919463087248322,0.12080536912751678,-9.0,-1.0,1.0,3.0635654209759604,150,task-08:2,2,task-08.csv,8,ast
2.986666666666667,7.32,15.013333333333334,1.5405049677153124,4.430680910800656,7.911162296963,149,149,-2.3624161073825505,0.087248322147651,0.7919463087248322,0.12080536912751678,-9.0,-1.0,1.0,3.0635654209759604,150,task-08:3,3,task-08.csv,8,ast
2.986666666666667,7.32,15.013333333333334,1.5405049677153124,4.430680910800656,7.911162296963,149,149,-2.3624161073825505,0.087248322147651,0.7919463087248322,0.12080536912751678,-9.0,-1.0,1.0,3.0635654209759604,150,task-08:4,4,task-08.csv,8,ast
2.986666666666667,7.32,15.013333333333334,1.5405049677153124,4.430680910800656,7.911162296963,149,149,-2.3624161073825505,0.087248322147651,0.7919463087248322,0.12080536912751678,-9.0,-1.0,1.0,3.0635654209759604,150,task-08:5,5,task-08.csv,8,ast
2.9881656804733727,8.124260355029586,23.236686390532544,1.7808586642452668,8.121266746348832,21.477183785112956,168,168,-3.1666666666666665,0.10119047619047619,0.7797619047619048,0.11904761904761904,-19.0,-1.0,1.0,5.836733702805048,169,task-08:6,6,task-08.csv,8,ast
2.9881656804733727,8.124260355029586,23.236686390532544,1.7808586642452668,8.121266746348832,21.477183785112956,168,168,-3.1666666666666665,0.10119047619047619,0.7797619047619048,0.11904761904761904,-19.0,-1.0,1.0,5.836733702805048,169,task-08:7,7,task-08.csv,8,ast
2.9894179894179893,6.365079365079365,12.513227513227513,1.1862948320124511,3.8516192731690415,8.191884269814649,188,188,-1.3936170212765957,0.18617021276595744,0.6117021276595744,0.20212765957446807,-5.0,-1.0,1.0,1.9984998901111068,189,task-08:8,8,task-08.csv,8,ast
2.9881656804733727,8.124260355029586,23.236686390532544,1.7808586642452668,8.121266746348832,21.477183785112956,168,168,-3.1666666666666665,0.10119047619047619,0.7797619047619048,0.11904761904761904,-19.0,-1.0,1.0,5.836733702805048,169,task-08:9,9,task-08.csv,8,ast
2.9918032786885247,6.39344262295082,13.065573770491802,1.194220382490796,4.338273013367318,11.151885604669728,243,243,-1.4156378600823045,0.22633744855967078,0.5802469135802469,0.1934156378600823,-5.899999999999999,-1.0,1.0,2.2064445229011964,244,task-08:10,10,task-08.csv,8,ast
2.9886363636363638,6.420454545454546,12.977272727272727,1.210693998778257,4.34903748732012,10.85281412262116,175,175,-1.4514285714285715,0.19428571428571428,0.6057142857142858,0.2,-6.299999999999999,-1.0,1.0,2.338909566268793,176,task-08:11,11,task-08.csv,8,ast
2.983739837398374,9.16260162601626,21.666666666666668,2.0560588229753867,8.1553752873225,16.587617414520835,122,122,-4.229508196721311,0.21311475409836064,0.6721311475409836,0.11475409836065574,-20.0,-2.0,1.0,7.071979903685356,123,task-08:12,12,task-08.csv,8,ast
2.9891891891891893,7.875675675675676,17.37837837837838,1.7084501881203713,6.2782940274260595,14.097635131087136,184,184,-2.9130434782608696,0.11413043478260869,0.7663043478260869,0.11956521739130435,-14.0,-1.0,1.0,4.559157468677365,185,task-08:13,13,task-08.csv,8,ast
2.986666666666667,7.32,15.013333333333334,1.5405049677153124,4.430680910800656,7.911162296963,149,149,-2.3624161073825505,0.087248322147651,0.7919463087248322,0.12080536912751678,-9.0,-1.0,1.0,3.0635654209759604,150,task-08:14,14,task-08.csv,8,ast
2.987577639751553,6.366459627329193,12.602484472049689,1.1899557778711103,4.0458389651096915,9.645440787692873,160,160,-1.4,0.175,0.61875,0.20625,-6.0,-1.0,1.0,2.0922475952907678,161,task-08:15,15,task-08.csv,8,ast
2.9894179894179893,6.322751322751323,12.322751322751323,1.1683181870241546,3.7833610720696074,8.064328721054743,188,188,-1.351063829787234,0.19148936170212766,0.6063829787234043,0.20212765957446807,-5.0,-1.0,1.0,1.9662441073129195,189,task-08:16,16,task-08.csv,8,ast
2.9884393063583814,6.3526011560693645,12.445086705202312,1.1826708252926352,3.81773419583612,8.034869212275838,172,172,-1.3837209302325582,0.18604651162790697,0.6104651162790697,0.20348837209302326,-5.0,-1.0,1.0,1.9893238576190047,173,task-08:17,17,task-08.csv,8,ast
2.9894179894179893,6.365079365079365,12.513227513227513,1.1862948320124511,3.8598527289184594,8.29458194143372,188,188,-1.3936170212765957,0.18617021276595744,0.6117021276595744,0.20212765957446807,-5.0,-1.0,1.0,1.9984998901111068,189,task-08:18,18,task-08.csv,8,ast
2.9849624060150375,6.368421052631579,13.451127819548873,1.1951340089456797,4.605445753630367,10.340420844399963,132,132,-1.4090909090909092,0.16666666666666666,0.553030303030303,0.2803030303030303,-8.0,-1.0,1.0,2.6052236147103818,133,task-08:19,19,task-08.csv,8,ast
2.990521327014218,6.62085308056872,13.739336492890995,1.287896706754962,4.876517018282569,12.313569655628855,210,210,-1.6476190476190475,0.06666666666666667,0.6714285714285714,0.2619047619047619,-11.0,-1.0,1.0,3.1365159694004197,211,task-09:0,0,task-09.csv,9,ast
2.993197278911565,6.35374149659864,11.755102040816327,1.1751196126089352,3.4102740350887464,7.360116677512285,293,293,-1.372013651877133,0.08873720136518772,0.6928327645051194,0.21843003412969283,-4.399999999999999,-1.0,1.0,1.8826044989514736,294,task-09:1,1,task-09.csv,9,ast
2.987577639751553,6.850931677018633,14.440993788819876,1.3785741920470875,5.0318379884407864,12.497872972072022,160,160,-1.8875,0.08125,0.69375,0.225,-9.0,-1.0,1.0,3.2132294891588433,161,task-09:2,2,task-09.csv,9,ast
2.9930555555555554,6.625,12.666666666666666,1.2855852956801956,3.6293077852394937,7.68611663253225,287,287,-1.6445993031358885,0.03484320557491289,0.7909407665505227,0.17421602787456447,-5.0,-1.0,1.0,1.9663981548896758,288,task-09:3,3,task-09.csv,9,ast
2.9950124688279303,6.521197007481296,12.72069825436409,1.2414194523618451,3.881046027544793,9.279897857767372,400,400,-1.535,0.03,0.745,0.225,-5.0,-1.0,1.0,2.128091868317719,401,task-09:4,4,task-09.csv,9,ast
2.99468085106383,6.404255319148936,12.851063829787234,1.1939445638505215,4.419057252247579,11.23629893523144,375,375,-1.4186666666666667,0.06666666666666667,0.6586666666666666,0.27466666666666667,-8.0,-1.0,1.0,2.577476457484896,376,task-09:5,5,task-09.csv,9,ast
2.983739837398374,6.3983739837398375,11.796747967479675,1.2096074740421001,3.265338631820805,6.401167766421841,122,122,-1.4426229508196722,0.09016393442622951,0.7213114754098361,0.1885245901639344,-5.0,-1.0,1.0,1.7973075506446878,123,task-09:6,6,task-09.csv,9,ast
2.990950226244344,6.873303167420814,14.339366515837105,1.381817775265035,5.39584744336526,12.983377383657945,220,220,-1.9,0.06818181818181818,0.6772727272727272,0.2545454545454545,-14.0,-1.0,1.0,3.895101819184985,221,task-09:7,7,task-09.csv,9,ast
2.985074626865672,6.537313432835821,12.26865671641791,1.263642417224879,3.7369808158696465,8.13887316552755,133,133,-1.5789473684210527,0.07518796992481203,0.6691729323308271,0.2556390977443609,-6.0,-1.0,1.0,2.2618460964767717,134,task-09:8,8,task-09.csv,9,ast
2.994134897360704,6.624633431085044,13.52199413489736,1.2837676745475637,4.564928485716231,11.8773158006147,340,340,-1.6411764705882352,0.058823529411764705,0.7029411764705882,0.23823529411764705,-9.0,-1.0,1.0,2.729050432472031,341,task-09:9,9,task-09.csv,9,ast
2.993006993006993,6.5874125874125875,12.895104895104895,1.2709585804572119,4.16080390183098,9.80310589195369,285,285,-1.6070175438596492,0.02456140350877193,0.7403508771929824,0.23508771929824562,-7.799999999999999,-1.0,1.0,2.392961876744354,286,task-09:10,10,task-09.csv,9,ast
2.9926470588235294,6.823529411764706,14.25,1.3612079601319718,5.294117647058823,13.707152491008653,271,271,-1.845018450184502,0.08118081180811808,0.6863468634686347,0.23247232472324722,-14.0,-1.0,1.0,3.6586301828905508,272,task-09:11,11,task-09.csv,9,ast
2.9908256880733943,6.412844036697248,12.036697247706423,1.2039340166322834,3.5638629932127084,7.9180743251394645,217,217,-1.4377880184331797,0.059907834101382486,0.7188940092165899,0.22119815668202766,-4.0,-1.0,1.0,1.9408418267696288,218,task-09:12,12,task-09.csv,9,ast
2.9943661971830986,7.056338028169014,15.935211267605634,1.4418188165308565,6.017550210311858,17.126333389780232,354,354,-2.073446327683616,0.04519774011299435,0.711864406779661,0.24293785310734464,-12.349999999999998,-1.0,1.0,3.87884687691805,355,task-09:13,13,task-09.csv,9,ast
2.9917695473251027,6.810699588477366,13.444444444444445,1.3577752607945548,4.396637408091584,9.699179041242308,242,242,-1.834710743801653,0.045454545454545456,0.7355371900826446,0.2190082644628099,-10.749999999999996,-1.0,1.0,2.882971112757117,243,task-09:14,14,task-09.csv,9,ast
2.995661605206074,6.431670281995662,12.778741865509762,1.2037462521237516,4.2342210888994485,11.012262113447694,460,460,-1.4434782608695653,0.04782608695652174,0.6934782608695652,0.25869565217391305,-5.0,-1.0,1.0,2.322634577362998,461,task-09:15,15,task-09.csv,9,ast
2.9846153846153847,6.446153846153846,12.015384615384615,1.2277848432448477,3.554112544128472,7.484326818692118,129,129,-1.4883720930232558,0.10852713178294573,0.6666666666666666,0.2248062015503876,-6.0,-1.0,1.0,2.1244836274380203,130,task-09:16,16,task-09.csv,9,ast
2.9927272727272727,6.541818181818182,12.89090909090909,1.2533380223814752,4.154414559306583,10.273837429957226,274,274,-1.562043795620438,0.05474452554744526,0.718978102189781,0.22627737226277372,-7.0,-1.0,1.0,2.3455543097484983,275,task-09:17,17,task-09.csv,9,ast
2.994832041343669,6.416020671834626,12.421188630490956,1.1986099443368867,3.8693190154061385,9.048869081940182,386,386,-1.4300518134715026,0.05181347150259067,0.6968911917098446,0.25129533678756477,-5.0,-1.0,1.0,2.1598139666120226,387,task-09:18,18,task-09.csv,9,ast
2.9925373134328357,6.365671641791045,12.037313432835822,1.1812987329075155,3.6056362279906713,8.132215938226121,267,267,-1.3857677902621723,0.03745318352059925,0.7228464419475655,0.2397003745318352,-5.0,-1.0,1.0,1.9823811180975013,268,task-09:19,19,task-09.csv,9,ast
2.994708994708995,7.841269841269841,17.8994708994709,1.6918646126971486,6.587320711389337,16.37395175320695,377,377,-2.859416445623342,0.03713527851458886,0.7320954907161804,0.23076923076923078,-15.0,-1.0,1.0,4.685195678454202,378,task-10:0,0,task-10.csv,10,ast
2.989071038251366,8.12568306010929,19.863387978142075,1.7802470235613153,6.6341183417823615,16.572672334389072,182,182,-3.1648351648351647,0.04945054945054945,0.7802197802197802,0.17032967032967034,-13.0,-2.0,1.0,4.4345391035305415,183,task-10:1,1,task-10.csv,10,ast
2.9949874686716793,7.791979949874687,18.167919799498748,1.6769033811515952,6.455114802028498,16.23169872633299,398,398,-2.809045226130653,0.0678391959798995,0.7512562814070352,0.18090452261306533,-13.149999999999999,-1.0,1.0,4.486016082721618,399,task-10:2,2,task-10.csv,10,ast
2.995575221238938,7.712389380530974,18.442477876106196,1.652292019259349,7.928693636812807,22.15699735779258,451,451,-2.727272727272727,0.03325942350332594,0.7028824833702882,0.2638580931263858,-24.5,-1.0,1.0,5.922907265669982,452,task-10:3,3,task-10.csv,10,ast
2.995991983967936,9.200400801603207,26.326653306613228,2.0533915363463806,12.673956690634204,36.644524192963694,498,498,-4.216867469879518,0.05421686746987952,0.7269076305220884,0.21887550200803213,-39.0,-1.0,1.0,10.449205722322423,499,task-10:4,4,task-10.csv,10,ast
2.9972337482710927,7.002766251728907,14.526970954356846,1.4190925292227807,4.861283870327539,12.04981729781146,722,722,-2.011080332409972,0.08310249307479224,0.7506925207756233,0.16620498614958448,-8.949999999999996,-1.0,1.0,3.105243389174523,723,task-10:5,5,task-10.csv,10,ast
2.998222222222222,9.773333333333333,28.71022222222222,2.1864220278689603,16.64417682621229,49.901605696227136,1124,1124,-4.7811387900355875,0.0400355871886121,0.7170818505338078,0.24288256227758007,-64.0,-1.0,1.0,14.75397769341849,1125,task-10:6,6,task-10.csv,10,ast
2.9936708860759493,7.5,17.088607594936708,1.5891118267803368,6.782563273347476,17.722145106479978,315,315,-2.5206349206349206,0.05396825396825397,0.7238095238095238,0.2222222222222222,-19.0,-1.0,1.0,4.807605044462623,316,task-10:7,7,task-10.csv,10,ast
2.99581589958159,6.552301255230126,12.92887029288703,1.25260534495405,4.295125306528907,11.352435234479453,477,477,-1.5639412997903563,0.08385744234800839,0.6624737945492662,0.25366876310272535,-6.0,-1.0,1.0,2.4147085063333167,478,task-10:8,8,task-10.csv,10,ast
2.995145631067961,8.53883495145631,23.184466019417474,1.886326817464762,8.002484238189272,22.9354296548534,411,411,-3.557177615571776,0.029197080291970802,0.7956204379562044,0.17518248175182483,-15.0,-1.0,1.0,4.733636515606513,412,task-10:9,9,task-10.csv,10,ast
2.9952830188679247,8.966981132075471,23.0188679245283,1.9964535573593425,9.770664812920176,25.674663060042423,423,423,-3.9858156028368796,0.016548463356973995,0.7257683215130024,0.2576832151300236,-29.0,-1.0,1.0,7.77337318786193,424,task-10:10,10,task-10.csv,10,ast
2.9968847352024923,8.514018691588785,22.02492211838006,1.8778897853452576,10.794625828553151,30.882190001064483,641,641,-3.5257410296411855,0.06396255850234009,0.7207488299531981,0.21528861154446177,-38.0,-1.0,1.0,8.928195558618457,642,task-10:11,11,task-10.csv,10,ast
2.9954441913439633,7.765375854214123,18.234624145785876,1.6684059258602981,7.977593010086928,21.820286568973554,438,438,-2.780821917808219,0.0684931506849315,0.7191780821917808,0.21232876712328766,-25.15,-1.0,1.0,6.163850814117559,439,task-10:12,12,task-10.csv,10,ast
2.996927803379416,7.700460829493087,18.43778801843318,1.6470398227071945,8.278800667623385,24.311351846289433,650,650,-2.710769230769231,0.05692307692307692,0.7338461538461538,0.20923076923076922,-7.0,-1.0,1.0,6.38045388009163,651,task-10:13,13,task-10.csv,10,ast
2.996545768566494,7.639032815198618,17.91882556131261,1.62875345255746,7.241641940453961,19.48584291024997,578,578,-2.6505190311418687,0.07785467128027682,0.6764705882352942,0.24567474048442905,-15.0,-1.0,1.0,5.260251951728033,579,task-10:14,14,task-10.csv,10,ast
2.9965753424657535,7.595890410958904,18.181506849315067,1.6154186184443535,7.6640316003753455,22.828753508908477,583,583,-2.607204116638079,0.0634648370497427,0.7307032590051458,0.2058319039451115,-11.0,-1.0,1.0,5.638791420499064,584,task-10:15,15,task-10.csv,10,ast
2.9938650306748467,8.429447852760736,20.12883435582822,1.858480586988395,7.199581894091812,16.34844779381335,325,325,-3.4523076923076923,0.036923076923076927,0.7507692307692307,0.2123076923076923,-14.0,-1.0,1.0,5.135850096431724,326,task-10:16,16,task-10.csv,10,ast
2.9966442953020134,9.016778523489933,23.892617449664428,2.0075333326069233,10.450091696618106,28.06324136602451,595,595,-4.030252100840336,0.011764705882352941,0.7647058823529411,0.2235294117647059,-34.0,-1.0,1.0,8.317588477900651,596,task-10:17,17,task-10.csv,10,ast
2.996987951807229,7.798192771084337,19.132530120481928,1.676374627409132,7.74041944079685,22.695281651945653,663,663,-2.808446455505279,0.06033182503770739,0.7058823529411765,0.23378582202111614,-15.0,-1.0,1.0,5.489421157583287,664,task-10:18,18,task-10.csv,10,ast
2.996913580246914,7.580246913580247,16.645061728395063,1.6101500136961464,5.619332145922162,13.717181046424486,647,647,-2.590417310664606,0.027820710973724884,0.7372488408037094,0.23493044822256567,-10.0,-2.0,1.0,3.6105762099334555,648,task-10:19,19,task-10.csv,10,ast
